Date,Open,High,Low,Close,Volume
4/15/2021 16:00:00,28.25,31.69,26.5,31,14524184
4/16/2021 16:00:00,30.25,33.94,28.72,30,2057757
4/19/2021 16:00:00,30.71,32.62,29.74,32.54,1614048
4/20/2021 16:00:00,32.31,34.14,30.91,32.58,1587127
4/21/2021 16:00:00,32.58,33.56,30.21,32.5,3798227
4/22/2021 16:00:00,31.79,33.1,30.41,30.75,1015844
4/23/2021 16:00:00,30.57,31.72,30.55,31.4,473168
4/26/2021 16:00:00,31.84,32.74,31.66,32.13,276323
4/27/2021 16:00:00,31.99,32.68,31.83,32.15,292653
4/28/2021 16:00:00,32.25,32.47,30.55,32.06,455294
4/29/2021 16:00:00,32.06,32.11,29.95,31.24,795679
4/30/2021 16:00:00,30.72,32.4,30.15,31.53,254491
5/3/2021 16:00:00,32.29,32.8,30.72,32.48,560459
5/4/2021 16:00:00,32.27,33.54,31.49,32.27,739538
5/5/2021 16:00:00,32.5,33.45,32.25,32.82,506757
5/6/2021 16:00:00,32.55,32.85,31.19,32.07,624398
5/7/2021 16:00:00,31.83,33.85,31.2,33.49,222747
5/10/2021 16:00:00,33.85,34.47,32.98,33.48,670300
5/11/2021 16:00:00,33.07,34.16,31.51,31.83,226891
5/12/2021 16:00:00,31.24,31.97,30.33,31.11,694852
5/13/2021 16:00:00,31.14,31.77,28.73,29.14,1255575
5/14/2021 16:00:00,29.59,30.82,29.26,29.96,251928
5/17/2021 16:00:00,29.6,30.82,29.52,30.11,250274
5/18/2021 16:00:00,30.13,32.16,29.94,31.19,235211
5/19/2021 16:00:00,31.07,31.35,30.26,30.66,175113
5/20/2021 16:00:00,30.67,33.75,30.45,31.78,454785
5/21/2021 16:00:00,32.06,34.59,31.82,34.03,474512
5/24/2021 16:00:00,34.08,34.59,33.38,33.93,330079
5/25/2021 16:00:00,33.83,35.17,33.45,34.56,485633
5/26/2021 16:00:00,34.73,34.82,33.28,33.85,574808
5/27/2021 16:00:00,34.01,36.99,33.86,36.75,370418
5/28/2021 16:00:00,37.07,38.88,35.6,35.94,293955
6/1/2021 16:00:00,36.39,39.16,36.09,38.4,446984
6/2/2021 16:00:00,38.65,38.81,37.26,37.67,349584
6/3/2021 16:00:00,37.56,37.82,36.54,36.65,329202
6/4/2021 16:00:00,36.62,37,35.16,35.2,447232
6/7/2021 16:00:00,35.58,36.05,34.38,34.73,1866311
6/8/2021 16:00:00,34.9,36.81,34.28,36.5,2197981
6/9/2021 16:00:00,37.01,37.98,36.59,36.99,1216231
6/10/2021 16:00:00,37.75,38,36.9,37,695637
6/11/2021 16:00:00,37,37.34,35.5,36.8,727832
6/14/2021 16:00:00,37.36,38.66,36.95,38.25,1209388
6/15/2021 16:00:00,38.53,39.93,37.6,39.52,886927
6/16/2021 16:00:00,39.52,42.06,39.3,41.42,1250760
6/17/2021 16:00:00,40.57,43.66,39.72,42.68,1205452
6/18/2021 16:00:00,42.47,44.83,42.17,43.25,3784372
6/21/2021 16:00:00,43.23,44.33,40.78,42.1,1045503
6/22/2021 16:00:00,41.55,43.28,41.55,41.98,874492
6/23/2021 16:00:00,41.98,42.55,41.45,41.78,822632
6/24/2021 16:00:00,41.84,42.98,40.67,40.83,1007358
6/25/2021 16:00:00,40.83,41.07,38.84,39.4,4177204
6/28/2021 16:00:00,39.66,40.44,38.98,39.92,451987
6/29/2021 16:00:00,39.72,40.5,38.52,39.19,393867
6/30/2021 16:00:00,39.12,40.75,38.61,40.57,600326
7/1/2021 16:00:00,40.22,40.57,38.45,38.72,851948
7/2/2021 16:00:00,38.58,38.93,38.09,38.65,304855
7/6/2021 16:00:00,38.64,38.94,36.93,37.27,467081
7/7/2021 16:00:00,37.25,37.39,36.71,37,287661
7/8/2021 16:00:00,36.47,36.77,35.78,35.91,236485
7/9/2021 16:00:00,35.97,36.57,35.42,35.71,246829
7/12/2021 16:00:00,35.77,36.44,35.11,36.22,217108
7/13/2021 16:00:00,35.9,36.96,35.61,35.69,250119
7/14/2021 16:00:00,35.86,36.4,34.42,34.67,307878
7/15/2021 16:00:00,34.41,34.86,33.84,34.6,417658
7/16/2021 16:00:00,34.6,34.99,34.04,34.1,394341
7/19/2021 16:00:00,33.49,34.98,33.49,34.66,521214
7/20/2021 16:00:00,34.65,35.35,34.55,34.8,341913
7/21/2021 16:00:00,34.81,35.81,34.56,35.75,221985
7/22/2021 16:00:00,35.69,35.7,34.83,35.42,268500
7/23/2021 16:00:00,35.43,37.08,35.22,36.88,265038
7/26/2021 16:00:00,36.73,37.08,36.42,36.65,397569
7/27/2021 16:00:00,36.46,37.01,35.46,36.95,361513
7/28/2021 16:00:00,36.8,38.19,36.42,37.96,224538
7/29/2021 16:00:00,38.02,38.15,37.33,37.49,283493
7/30/2021 16:00:00,37.35,37.51,36.7,36.79,151590
8/2/2021 16:00:00,36.7,37.63,36.36,37.28,200185
8/3/2021 16:00:00,37.13,38.67,37.08,37.78,321688
8/4/2021 16:00:00,37.54,39.1,37.31,38.64,542818
8/5/2021 16:00:00,38.25,38.25,35.71,36.33,287563
8/6/2021 16:00:00,36.1,36.1,34.93,35.6,294290
8/9/2021 16:00:00,35.45,35.6,34,35.4,303985
8/10/2021 16:00:00,35.13,35.35,32.51,33.75,675288
8/11/2021 16:00:00,33.48,34.1,33.35,33.86,528006
8/12/2021 16:00:00,34.04,35.8,33.31,34.95,361040
8/13/2021 16:00:00,35.16,35.35,34.41,35.03,292118
8/16/2021 16:00:00,35.17,35.88,34.12,34.99,411835
8/17/2021 16:00:00,34.72,34.87,34.21,34.65,275819
8/18/2021 16:00:00,34.5,35.02,33.77,34.8,380743
8/19/2021 16:00:00,34.85,35.46,33.79,34.26,322252
8/20/2021 16:00:00,33.84,35.49,33.83,35.11,213658
8/23/2021 16:00:00,35.47,36.91,35.35,35.97,158693
8/24/2021 16:00:00,36,36,35.4,35.52,169986
8/25/2021 16:00:00,35.32,36.52,35.2,36,279201
8/26/2021 16:00:00,35.78,36.27,35.26,35.75,331800
8/27/2021 16:00:00,35.98,37.09,35.82,36.83,255353
8/30/2021 16:00:00,36.87,37.79,36.67,37.75,172310
8/31/2021 16:00:00,37.59,37.65,34.6,35,670928
9/1/2021 16:00:00,35.03,35.62,34.47,34.95,344272
9/2/2021 16:00:00,35.15,38.47,35.05,37.38,401826
9/3/2021 16:00:00,37.45,37.45,36.23,36.48,218535
9/7/2021 16:00:00,36.63,36.85,35.29,35.48,436213
9/8/2021 16:00:00,34.23,34.23,32.14,32.33,1139218
9/9/2021 16:00:00,31.6,32.86,30.29,31.51,1715264
9/10/2021 16:00:00,31.8,33.3,31.37,31.75,6571033
9/13/2021 16:00:00,31.79,32.21,30.36,31.96,1192164
9/14/2021 16:00:00,31.56,32.53,30.95,31.14,887665
9/15/2021 16:00:00,30.78,31.61,30.68,31.02,637070
9/16/2021 16:00:00,30.88,31.24,29.59,29.67,979043
9/17/2021 16:00:00,29.49,29.63,27.97,29.01,2442481
9/20/2021 16:00:00,28.57,28.86,27.97,28.48,639699
9/21/2021 16:00:00,28.49,29.42,27.84,28.31,825540
9/22/2021 16:00:00,28.53,28.6,27.92,28.09,569119
9/23/2021 16:00:00,28.07,28.73,27.82,28.46,674066
9/24/2021 16:00:00,28.23,28.47,27.97,28.1,883662
9/27/2021 16:00:00,28.55,28.76,26.97,26.98,579693
9/28/2021 16:00:00,26.68,26.8,25.73,26.15,1051563
9/29/2021 16:00:00,26.16,27.68,26.15,26.17,860214
9/30/2021 16:00:00,26.17,26.93,25.78,26.21,907972
10/1/2021 16:00:00,26.11,26.46,25.12,25.95,568648
10/4/2021 16:00:00,25.9,26.21,25.2,25.7,727472
10/5/2021 16:00:00,25.7,26.44,25.5,26.06,883002
10/6/2021 16:00:00,25.81,26.66,25.56,26.65,858706
10/7/2021 16:00:00,26.71,26.9,25.78,26.06,814883
10/8/2021 16:00:00,25.85,26.35,25.05,25.33,1841478
10/11/2021 16:00:00,25.33,25.39,23.23,23.41,1616576
10/12/2021 16:00:00,22.54,24.91,20.81,24.64,3251220
10/13/2021 16:00:00,24.55,24.89,23.49,24.08,2828866
10/14/2021 16:00:00,24.47,24.5,23.48,23.73,3448540
10/15/2021 16:00:00,24.03,24.55,23.65,23.96,3252092
10/18/2021 16:00:00,23.82,24,23.08,23.54,1911647
10/19/2021 16:00:00,23.44,23.89,23.1,23.57,2566645
10/20/2021 16:00:00,23.86,24.38,23.05,24,3187162
10/21/2021 16:00:00,24.01,24.47,23.6,24.46,2614136
10/22/2021 16:00:00,24.51,24.61,23.67,23.71,1565683
10/25/2021 16:00:00,23.76,24.05,23.29,23.49,1886787
10/26/2021 16:00:00,23.7,23.85,23.24,23.79,2984791
10/27/2021 16:00:00,23.72,24.02,23.44,23.85,1670050
10/28/2021 16:00:00,23.96,24.57,23.45,24.17,2928903
10/29/2021 16:00:00,23.82,25.02,23.5,24.5,2632729
11/1/2021 16:00:00,24.24,25.06,24.2,24.96,1732753
11/2/2021 16:00:00,25,25.2,24.28,24.71,1309658
11/3/2021 16:00:00,24.56,25.02,24.3,24.74,2434330
11/4/2021 16:00:00,24.78,25.71,24.69,25.11,2157528
11/5/2021 16:00:00,25.16,25.48,24.76,24.92,758917
11/8/2021 16:00:00,24.96,25.7,24.88,25.5,1282622
11/9/2021 16:00:00,25.52,25.62,24.59,24.72,941306
11/10/2021 16:00:00,24.62,25.5,24.4,25.3,1117763
11/11/2021 16:00:00,25.37,26,25.2,25.43,1675355
11/12/2021 16:00:00,25.35,25.63,24.8,25.51,809081
11/15/2021 16:00:00,25.46,25.64,25.17,25.34,1337366
11/16/2021 16:00:00,25.26,25.55,25.09,25.26,860329
11/17/2021 16:00:00,25.37,25.51,25.04,25.29,1584451
11/18/2021 16:00:00,25.32,25.32,23.96,24.01,1476527
11/19/2021 16:00:00,23.93,24.28,23.68,23.76,824433
11/22/2021 16:00:00,24,24,22.91,23.16,1827414
11/23/2021 16:00:00,22.95,23.25,21.92,22.18,1757842
11/24/2021 16:00:00,22.1,22.53,21.5,22.13,830434
11/26/2021 13:00:00,21.86,22.12,21.5,21.59,594114
11/29/2021 16:00:00,21.59,21.92,21.22,21.43,1655438
11/30/2021 16:00:00,21.45,22.46,21.28,22,2790131
12/1/2021 16:00:00,22.14,23.03,22,22.5,4124272
12/2/2021 16:00:00,22.51,23.09,22.51,23.08,1735813
12/3/2021 16:00:00,23.16,23.45,21.45,21.62,4790560
12/6/2021 16:00:00,22.24,22.56,21.57,22.38,3041667
12/7/2021 16:00:00,22.64,23.81,22.58,23.41,1935377
12/8/2021 16:00:00,23.51,23.99,23.22,23.69,1564763
12/9/2021 16:00:00,23.64,23.76,22.85,22.95,1406521
12/10/2021 16:00:00,22.76,23.25,22.67,22.86,1747861
12/13/2021 16:00:00,22.8,23.37,22.45,22.97,1636174
12/14/2021 16:00:00,22.72,23.25,22.18,22.55,2869653
12/15/2021 16:00:00,22.42,23.57,21.92,23.54,4439294
12/16/2021 16:00:00,23.44,23.75,21.56,22.11,4635909
12/17/2021 16:00:00,21.96,23.35,21.43,23.33,12570407
12/20/2021 16:00:00,23.03,24.59,22.87,24.22,5740143
12/21/2021 16:00:00,24.46,25.83,24.32,25.81,4507352
12/22/2021 16:00:00,25.81,27.1,25.64,27.06,2887427
12/23/2021 16:00:00,27.26,27.62,26.71,27.39,2304142
12/27/2021 16:00:00,27.5,27.67,26.74,26.81,972952
12/28/2021 16:00:00,26.74,27.14,26.44,26.67,2791526
12/29/2021 16:00:00,26.62,26.88,26.16,26.77,1043629
12/30/2021 16:00:00,26.86,27.65,26.83,27.31,887332
12/31/2021 16:00:00,27.41,28.05,26.95,27,677860
1/3/2022 16:00:00,27.07,27.77,26.45,27.75,1163746
1/4/2022 16:00:00,27.06,27.5,25.49,25.67,1095359
1/5/2022 16:00:00,25.44,25.89,24.51,24.53,883777
1/6/2022 16:00:00,24.07,24.3,23.24,23.53,1530322
1/7/2022 16:00:00,23.43,23.51,22.36,23.26,1907272
1/10/2022 16:00:00,22.98,23.08,21.29,22.41,1694849
1/11/2022 16:00:00,22.29,23.79,22.29,23.59,1600000
1/12/2022 16:00:00,23.5,23.84,22.49,22.61,1911858
1/13/2022 16:00:00,22.4,22.65,20.61,20.63,1970808
1/14/2022 16:00:00,20.36,20.36,18.55,19.61,2529149
1/18/2022 16:00:00,19.23,19.32,17.7,17.83,2971352
1/19/2022 16:00:00,18.05,18.46,16.84,16.9,1769090
1/20/2022 16:00:00,17.04,18.16,17,17.06,1504046
1/21/2022 16:00:00,16.95,17.14,16.22,16.32,1766999
1/24/2022 16:00:00,15.86,17.14,14.93,17.06,3120083
1/25/2022 16:00:00,16.52,17.01,16.12,16.77,2400989
1/26/2022 16:00:00,17.16,17.4,15.54,15.67,4204506
1/27/2022 16:00:00,15.92,15.92,15.01,15.01,2058033
1/28/2022 16:00:00,15.04,15.37,14.36,15.33,2071560
1/31/2022 16:00:00,15.32,16.59,15.29,16.58,1351329
2/1/2022 16:00:00,16.92,17.29,16.18,17.07,3486491
2/2/2022 16:00:00,17.15,17.15,16.15,16.65,1148486
2/3/2022 16:00:00,16.16,17.23,16.01,16.74,1487400
2/4/2022 16:00:00,16.75,18.01,16.58,17.9,2132515
2/7/2022 16:00:00,17.7,19.02,17.64,18.79,2395422
2/8/2022 16:00:00,18.64,19.29,18.24,19.25,2298215
2/9/2022 16:00:00,19.43,20.63,19.38,20.58,1504085
2/10/2022 16:00:00,19.97,21.88,19.84,21.57,2218914
2/11/2022 16:00:00,21.46,22.43,21.45,21.51,1364278
2/14/2022 16:00:00,21.26,22.04,20.41,20.8,1183378
2/15/2022 16:00:00,21.24,21.87,20.96,21.87,2628789
2/16/2022 16:00:00,21.66,22.07,20.87,21.9,758723
2/17/2022 16:00:00,21.62,21.84,19.97,20.17,926364
2/18/2022 16:00:00,20.07,20.29,19.34,19.58,1934140
2/22/2022 16:00:00,19.3,19.88,18.92,18.98,1053694
2/23/2022 16:00:00,19.11,19.12,17.78,17.79,872837
2/24/2022 16:00:00,17.25,19.22,17.11,19.2,1314225
2/25/2022 16:00:00,19.29,20.39,19.29,20.3,1415888
2/28/2022 16:00:00,20.1,20.85,19.54,20.22,1399387
3/1/2022 16:00:00,20.15,21.14,19.68,19.85,2641927
3/2/2022 16:00:00,19.87,20.06,18.67,19.78,1039615
3/3/2022 16:00:00,19.97,20.25,18.63,19.23,1708222
3/4/2022 16:00:00,20,21.97,20,21.87,2701854
3/7/2022 16:00:00,21.99,22.36,20.6,20.94,2001275
3/8/2022 16:00:00,20.93,21.21,19.97,20.26,4370862
3/9/2022 16:00:00,20.6,22.52,20.6,22.46,3658420
3/10/2022 16:00:00,22.14,22.92,21.79,22.11,1093688
3/11/2022 16:00:00,22.14,22.4,21.54,21.81,2748321
3/14/2022 16:00:00,21.89,22.12,17.89,18.07,3683263
3/15/2022 16:00:00,17.92,19.75,17.64,19.75,2887039
3/16/2022 16:00:00,19.9,20.6,19.48,19.95,2777950
3/17/2022 16:00:00,19.8,21.95,19.33,21.92,1985204
3/18/2022 16:00:00,21.76,23.53,21.28,23.5,2859936
3/21/2022 16:00:00,23.07,23.64,22.65,22.89,1155202
3/22/2022 16:00:00,22.9,24.22,22.89,24.11,1067350
3/23/2022 16:00:00,23.9,24.25,23.6,23.87,899329
3/24/2022 16:00:00,24.09,24.29,23.44,24,550914
3/25/2022 16:00:00,24.18,24.44,23.27,23.59,664308
3/28/2022 16:00:00,23.58,24.18,23.5,24.07,613664
3/29/2022 16:00:00,24.49,25.1,24.4,25.02,1660004
3/30/2022 16:00:00,25.2,25.47,24.68,24.8,1344875
3/31/2022 16:00:00,25,25.86,24.53,25.35,1357372
4/1/2022 16:00:00,25.35,26.24,25.24,26.05,998001
4/4/2022 16:00:00,26,26.31,25.45,25.88,973477
4/5/2022 16:00:00,25.94,26.08,25.04,25.39,1040511
4/6/2022 16:00:00,24.79,24.79,23.27,24.63,1527657
4/7/2022 16:00:00,24.4,25.12,24.18,24.79,978995
4/8/2022 16:00:00,24.38,24.57,23.87,24.09,796000
4/11/2022 16:00:00,23.85,24.28,23.21,23.71,1519769
4/12/2022 16:00:00,24.07,24.6,23.1,23.3,871512
4/13/2022 16:00:00,23.37,23.91,22.95,23.1,2379715
4/14/2022 16:00:00,23,23.45,22.56,23.07,819135
4/18/2022 16:00:00,22.87,23.16,21.96,22.28,1028294
4/19/2022 16:00:00,22.19,23.05,21.86,22.8,752394
4/20/2022 16:00:00,22.9,23.29,21.66,21.69,1150011
4/21/2022 16:00:00,21.8,21.87,19.32,19.47,2082176
4/22/2022 16:00:00,19.21,20.05,18.54,18.77,1249912
4/25/2022 16:00:00,18.58,20.14,18.5,20.03,1991985
4/26/2022 16:00:00,19.75,20.19,19.09,19.2,1746941
4/27/2022 16:00:00,19.05,19.19,18.02,18.22,1250760
4/28/2022 16:00:00,18.37,18.79,17.65,18.69,1331277
4/29/2022 16:00:00,18.38,18.63,17.75,17.77,2381044
5/2/2022 16:00:00,17.59,18.7,17.51,18.4,1758253
5/3/2022 16:00:00,18.34,19.05,18.07,18.51,1780835
5/4/2022 16:00:00,18.53,19.39,17.42,19.34,2174668
5/5/2022 16:00:00,18.8,18.8,17.25,18.01,1926819
5/6/2022 16:00:00,17.89,18.18,15.64,17.67,3242264
5/9/2022 16:00:00,17.04,17.87,15.97,16.67,1826848
5/10/2022 16:00:00,17.02,17.34,14.82,15.58,1538446
5/11/2022 16:00:00,15.42,16.64,15.37,16.25,4080236
5/12/2022 16:00:00,16.08,17.13,15.46,17,3061712
5/13/2022 16:00:00,17.34,19.22,17.34,19.17,1985159
5/16/2022 16:00:00,18.9,19.51,18.73,19.23,3648292
5/17/2022 16:00:00,19.58,19.65,18.4,19.53,1516586
5/18/2022 16:00:00,19.22,19.96,18.67,18.75,1436238
5/19/2022 16:00:00,18.75,19.93,18.75,19.19,3070915
5/20/2022 16:00:00,19.43,19.9,18.52,19.5,2222066
5/23/2022 16:00:00,19.86,19.91,19,19.23,1297456
5/24/2022 16:00:00,19.07,19.25,18.47,18.8,1566073
5/25/2022 16:00:00,18.83,19.84,18.83,19.4,1889417
5/26/2022 16:00:00,19.41,19.96,19.15,19.22,1579427
5/27/2022 16:00:00,19.38,20.07,19.38,19.7,2929980
5/31/2022 16:00:00,19.73,20.31,18.83,19.1,17753497
6/1/2022 16:00:00,19.1,19.4,17.69,18.18,2323956
6/2/2022 16:00:00,18.38,20.11,18.18,19.86,2047403
6/3/2022 16:00:00,19.59,19.83,19.04,19.59,1084763
6/6/2022 16:00:00,19.95,20.38,19.37,19.55,1183150
6/7/2022 16:00:00,19.29,20.53,19.15,20.46,1192628
6/8/2022 16:00:00,20.45,21.41,20.38,21.3,1205140
6/9/2022 16:00:00,21,21.61,19.97,20.04,1520284
6/10/2022 16:00:00,19.64,19.76,19.12,19.61,1244915
6/13/2022 16:00:00,18.85,19.48,18.29,18.55,1551594
6/14/2022 16:00:00,18.55,19,17.74,18.77,1263767
6/15/2022 16:00:00,19.41,19.61,18.51,19.02,1983878
6/16/2022 16:00:00,18.15,18.77,17.41,18.14,2324760
6/17/2022 16:00:00,18.37,19.47,18.3,19.15,2027153
6/21/2022 16:00:00,19.32,20.25,19.32,19.84,1387334
6/22/2022 16:00:00,19.62,20.4,19.4,19.99,1382304
6/23/2022 16:00:00,20.22,22.49,19.81,22.46,2343616
6/24/2022 16:00:00,22.5,22.54,21.61,21.98,2879926
6/27/2022 16:00:00,22.04,22.32,21.56,21.95,1159267
6/28/2022 16:00:00,21.99,22.52,21.41,21.6,1477913
6/29/2022 16:00:00,21.46,21.72,21.2,21.26,734561
6/30/2022 16:00:00,21.05,21.91,20.79,21.83,1418807
7/1/2022 16:00:00,21.92,22.73,21.61,22.6,1250841
7/5/2022 16:00:00,22.48,23.94,21.97,23.84,3049735
7/6/2022 16:00:00,23.84,24.83,23.84,24.47,2770083
7/7/2022 16:00:00,24.3,25.98,24.3,25.95,3406649
7/8/2022 16:00:00,25.56,27.12,25.17,26.7,3176697
7/11/2022 16:00:00,26.44,26.73,25.47,26.22,1666486
7/12/2022 16:00:00,26.19,26.68,25.61,26.13,1266444
7/13/2022 16:00:00,25.64,26.5,25.16,25.81,1138981
7/14/2022 16:00:00,26.08,26.19,25.12,25.99,1894382
7/15/2022 16:00:00,26.48,26.76,25.29,26.39,2095977
7/18/2022 16:00:00,26.6,27.04,25.57,25.61,1589030
7/19/2022 16:00:00,26.06,26.27,25.36,25.95,1524094
7/20/2022 16:00:00,26.35,26.87,25.63,26.46,1928327
7/21/2022 16:00:00,27,28.36,26.94,27.47,4981179
7/22/2022 16:00:00,27.61,27.76,24.97,25.18,2578935
7/25/2022 16:00:00,24.85,25.46,24.52,25.13,2135819
7/26/2022 16:00:00,25.11,26.5,24.85,25.95,2102742
7/27/2022 16:00:00,25.97,26.3,23.77,25.11,6344472
7/28/2022 16:00:00,25.02,25.38,24.48,25.19,1338413
7/29/2022 16:00:00,25.11,25.53,24.88,25.03,1536916
8/1/2022 16:00:00,24.74,25.31,24.48,25.08,1924105
8/2/2022 16:00:00,24.96,26.04,24.91,25.81,1561969
8/3/2022 16:00:00,26.48,26.66,25.73,26.45,2412064
8/4/2022 16:00:00,26.58,26.58,25.28,25.52,2814648
8/5/2022 16:00:00,24.76,25.62,23.8,25.59,2520622
8/8/2022 16:00:00,26.13,27.58,25.78,27.07,2123007
8/9/2022 16:00:00,26.87,27.06,26.12,26.35,1574888
8/10/2022 16:00:00,26.67,27.09,26.48,27.01,1421244
8/11/2022 16:00:00,27.25,28.28,25.74,25.75,1994789
8/12/2022 16:00:00,23.25,23.61,22.66,23.39,7186705
8/15/2022 16:00:00,23.13,23.46,22.8,23.3,2527058
8/16/2022 16:00:00,23.18,23.36,22.25,22.4,2487801
8/17/2022 16:00:00,22.15,22.19,21.02,21.1,2416183
8/18/2022 16:00:00,21.12,21.15,20.35,20.71,3426665
8/19/2022 16:00:00,20.54,20.82,20.02,20.34,2699414
8/22/2022 16:00:00,20.8,21.32,20.36,21.2,3927992
8/23/2022 16:00:00,21.08,21.52,20.39,21.41,1961043
8/24/2022 16:00:00,21.14,22.41,20.18,22.05,2807609
8/25/2022 16:00:00,22.5,22.55,21.77,22.19,2238188
8/26/2022 16:00:00,22.12,22.41,20.99,21.18,2241607
8/29/2022 16:00:00,21.01,21.29,20.74,20.83,2329386
8/30/2022 16:00:00,21.27,21.34,20.33,20.42,2070354
8/31/2022 16:00:00,21,21.57,20.31,20.78,2814663
9/1/2022 16:00:00,20.5,21.04,19.96,21.02,1711664
9/2/2022 16:00:00,21.3,21.34,20.65,21.07,1126396
9/6/2022 16:00:00,21.54,21.87,20.49,20.53,2482641
9/7/2022 16:00:00,20.53,22.31,20.46,22.22,2198686
9/8/2022 16:00:00,22.1,23.35,21.94,23.12,2332852
9/9/2022 16:00:00,23.12,23.74,22.74,23.48,1769242
9/12/2022 16:00:00,23.63,24.86,23.63,24.75,1871509
9/13/2022 16:00:00,24,24.59,23.83,24.13,2641993
9/14/2022 16:00:00,24.44,24.95,24.16,24.56,1937938
9/15/2022 16:00:00,24.25,25.43,24.25,24.95,2168854
9/16/2022 16:00:00,24.57,24.69,24.01,24.22,12659814
9/19/2022 16:00:00,23.77,24.23,22.84,23.74,2295314
9/20/2022 16:00:00,23.57,24.28,23.38,23.5,1726594
9/21/2022 16:00:00,23.66,24.17,23.4,23.51,1534311
9/22/2022 16:00:00,23.45,23.62,21.61,22.45,3511920
9/23/2022 16:00:00,22.27,22.88,22.01,22.43,3102374
9/26/2022 16:00:00,22.26,22.87,22.25,22.45,1053129
9/27/2022 16:00:00,22.85,23.7,22.61,23.1,2078694
9/28/2022 16:00:00,23.13,23.81,23.02,23.62,1460891
9/29/2022 16:00:00,23.4,23.85,23.03,23.52,1314712
9/30/2022 16:00:00,23.4,24.52,23.35,23.42,2834991
10/3/2022 16:00:00,23.6,24.04,22.86,23.87,1319907
10/4/2022 16:00:00,24.44,24.9,24.22,24.28,1971738
10/5/2022 16:00:00,23.99,24.56,23.51,23.93,1317665
10/6/2022 16:00:00,23.88,24.28,23.1,23.14,1975818
10/7/2022 16:00:00,22.75,22.86,22.23,22.56,2119921
10/10/2022 16:00:00,22.55,22.55,21.29,21.56,1963545
10/11/2022 16:00:00,21.47,22.75,20.81,22.62,1714448
10/12/2022 16:00:00,22.7,22.7,21.87,22.46,1386950
10/13/2022 16:00:00,21.89,22.39,21.55,22.09,952331
10/14/2022 16:00:00,22.32,22.59,21.13,21.18,1037741
10/17/2022 16:00:00,21.5,22.42,21.09,21.33,2119588
10/18/2022 16:00:00,21.82,22.23,21.1,21.13,2165815
10/19/2022 16:00:00,20.97,20.97,19.52,19.71,2362207
10/20/2022 16:00:00,19.77,20.74,19.51,20.36,1587404
10/21/2022 16:00:00,20.35,20.36,19.41,20.15,1113387
10/24/2022 16:00:00,20.1,20.19,19.6,19.99,1182776
10/25/2022 16:00:00,20.12,20.89,20.06,20.82,1363837
10/26/2022 16:00:00,20.77,21.33,20.61,20.8,1459518
10/27/2022 16:00:00,20.94,21.01,20.19,20.27,1029938
10/28/2022 16:00:00,20.26,20.53,19.66,20.12,1694938
10/31/2022 16:00:00,20.07,20.38,19.69,19.85,1341710
11/1/2022 16:00:00,20.2,20.29,19.48,19.82,1647740
11/2/2022 16:00:00,19.91,20.47,19.42,19.83,1620379
11/3/2022 16:00:00,19.72,19.83,19.12,19.31,2380518
11/4/2022 16:00:00,19.28,19.44,16.66,17.32,4713791
11/7/2022 16:00:00,17.18,17.66,17.05,17.44,2284409
11/8/2022 16:00:00,17.56,18.62,17.25,18.27,1971064
11/9/2022 16:00:00,18.23,18.24,17.31,17.43,2595263
11/10/2022 16:00:00,18.32,18.67,17.91,18.09,1354748
11/11/2022 16:00:00,18.07,19.08,18.07,18.98,1596071
11/14/2022 16:00:00,18.98,19.37,18.51,18.54,1739594
11/15/2022 16:00:00,18.87,19.05,18.51,18.79,1440087
11/16/2022 16:00:00,18.65,18.88,17.91,17.93,2234022
11/17/2022 16:00:00,17.61,17.62,16.6,16.62,1737163
11/18/2022 16:00:00,16.88,17.28,16.72,17.17,1465673
11/21/2022 16:00:00,16.95,17.04,15.86,16.04,2056289
11/22/2022 16:00:00,16.08,16.41,15.76,16.14,2415417
11/23/2022 16:00:00,16.45,16.87,16.27,16.43,808657
11/25/2022 13:00:00,16.34,16.74,16.15,16.66,575119
11/28/2022 16:00:00,16.66,16.77,16.29,16.29,1946274
11/29/2022 16:00:00,16.4,16.73,15.87,16.7,1954078
11/30/2022 16:00:00,16.88,17.57,16.4,17.56,1816288
12/1/2022 16:00:00,17.58,18.32,17.58,18.06,1745602
12/2/2022 16:00:00,17.81,18.26,17.66,18.13,1094890
12/5/2022 16:00:00,18,18.37,17.24,17.72,5553298
12/6/2022 16:00:00,17.72,18.16,17.52,17.78,2719519
12/7/2022 16:00:00,17.67,18.03,17.03,17.08,2115962
12/8/2022 16:00:00,17.12,17.48,17.05,17.33,2082289
12/9/2022 16:00:00,17.62,17.98,17.28,17.31,1127358
12/12/2022 16:00:00,17.24,17.81,17.04,17.69,913176
12/13/2022 16:00:00,18,18.35,17.32,17.7,1149454
12/14/2022 16:00:00,17.57,18.17,17.26,17.62,1511097
12/15/2022 16:00:00,17.42,17.59,16.99,17.2,1906123
12/16/2022 16:00:00,17,17.31,16.65,17.23,2805381
12/19/2022 16:00:00,16.92,17.01,16.33,16.45,1830447
12/20/2022 16:00:00,16.36,16.88,16.36,16.4,1718331
12/21/2022 16:00:00,16.57,16.92,16.35,16.86,996277
12/22/2022 16:00:00,16.86,17.04,16.7,16.98,1241174
12/23/2022 16:00:00,16.93,17.07,16.18,16.28,1075703
12/27/2022 16:00:00,16.18,16.37,15.86,16.11,1354249
12/28/2022 16:00:00,16.09,16.19,15.88,15.99,965188
12/29/2022 16:00:00,16.16,16.6,15.98,16.2,1233897
12/30/2022 16:00:00,16.01,16.22,15.77,16.14,1253338
1/3/2023 16:00:00,16.36,16.66,15.51,16.04,1663154
1/4/2023 16:00:00,16.27,16.6,16.02,16.12,1905956
1/5/2023 16:00:00,15.91,15.91,15.42,15.86,3329535
1/6/2023 16:00:00,15.96,15.96,15,15.39,1521790
1/9/2023 16:00:00,16.25,17.69,16.16,17.56,3979314
1/10/2023 16:00:00,17.6,19.16,17.6,18.72,3120793
1/11/2023 16:00:00,18.73,19.42,18.55,19.13,2711018
1/12/2023 16:00:00,19.18,19.4,18.42,19.23,1839376
1/13/2023 16:00:00,19,19.87,18.71,19.83,1925405
1/17/2023 16:00:00,19.85,20.19,19.5,19.76,2251600
1/18/2023 16:00:00,19.88,20.12,19.64,19.77,1540915
1/19/2023 16:00:00,19.68,19.93,19.49,19.8,1339564
1/20/2023 16:00:00,19.99,20.83,19.83,20.41,1778076
1/23/2023 16:00:00,20.4,20.54,20,20.5,1399780
1/24/2023 16:00:00,20.53,20.59,19.58,19.76,1358334
1/25/2023 16:00:00,19.62,20.18,19.34,20.1,1541137
1/26/2023 16:00:00,20.43,20.43,19.81,20.22,691220
1/27/2023 16:00:00,20.1,20.89,20.1,20.55,1614117
1/30/2023 16:00:00,20.25,20.75,20.16,20.61,1296547
1/31/2023 16:00:00,20.61,21.99,20.58,21.76,3262995
2/1/2023 16:00:00,21.93,22.9,21.53,22.83,1896617
2/2/2023 16:00:00,23,23.15,22.38,22.61,3137451
2/3/2023 16:00:00,22.23,22.7,21.79,22.05,2249743
2/6/2023 16:00:00,21.8,22.11,20.88,21.27,3066815
2/7/2023 16:00:00,21.57,22.24,21.3,22.2,1549385
2/8/2023 16:00:00,22.22,22.7,22.13,22.24,2157350
2/9/2023 16:00:00,22.49,23.17,22.34,23.13,1971182
2/10/2023 16:00:00,23.01,23.39,22.65,22.84,2669915
2/13/2023 16:00:00,22.85,23.33,22.56,22.87,1418980
2/14/2023 16:00:00,22.71,23.23,22.59,23.13,1054446
2/15/2023 16:00:00,23.1,23.64,22.77,23.6,919511
2/16/2023 16:00:00,23.34,23.89,23.25,23.58,1033326
2/17/2023 16:00:00,23.28,23.68,22.75,22.79,1596771
2/21/2023 16:00:00,22.51,22.69,22,22.23,1651563
2/22/2023 16:00:00,22.36,22.57,21.88,22,1148112
2/23/2023 16:00:00,22.09,22.15,20.61,21.38,3174521
2/24/2023 16:00:00,21.14,21.17,20.59,21.12,2412109
2/27/2023 16:00:00,21.25,21.35,20.97,21.16,1841675
2/28/2023 16:00:00,21.06,21.69,21.06,21.21,2764489
3/1/2023 16:00:00,21.23,21.46,20.89,21.09,2217810
3/2/2023 16:00:00,23.6,24.78,21.18,24.47,7662719
3/3/2023 16:00:00,24.51,25.81,24.51,25.22,3690039
3/6/2023 16:00:00,24.93,25.39,24.34,24.35,2419580
3/7/2023 16:00:00,24.4,25.15,24.18,24.8,1797126
3/8/2023 16:00:00,24.82,24.82,23.85,24.45,1826108
3/9/2023 16:00:00,24.56,24.65,23.51,23.67,1401476
3/10/2023 16:00:00,23.7,23.7,22.09,22.84,5298076
3/13/2023 16:00:00,22.67,23.61,22.39,23.06,1191251
3/14/2023 16:00:00,23.52,23.8,23.23,23.68,1508835
3/15/2023 16:00:00,24.06,24.11,23.47,23.91,1999668
3/16/2023 16:00:00,24.21,26.25,23.88,26.08,3358272
3/17/2023 16:00:00,25.83,27,25.8,26.7,4168456
3/20/2023 16:00:00,26.07,27.02,25.78,26.9,2647670
3/21/2023 16:00:00,27.1,28.14,27.02,27.92,2656481
3/22/2023 16:00:00,27.92,28.46,27.54,27.8,3553577
3/23/2023 16:00:00,28.18,28.98,27.94,28.4,2189190
3/24/2023 16:00:00,28.42,28.99,28.31,28.69,4724794
3/27/2023 16:00:00,28.8,29.44,28.42,28.55,3149859
3/28/2023 16:00:00,28.54,28.93,27.15,27.22,4026985
3/29/2023 16:00:00,27.53,27.88,26.6,26.79,4252124
3/30/2023 16:00:00,26.94,27.18,22.34,23.37,10643254
3/31/2023 16:00:00,23.5,24.02,22.63,23.75,6536271
4/3/2023 16:00:00,24.02,25.58,23.56,25.35,3785428
4/4/2023 16:00:00,25.49,25.54,24.7,25.28,3665924
4/5/2023 16:00:00,25.24,26.23,25.13,25.87,3963565
4/6/2023 16:00:00,25.8,26.2,25.55,26.14,1744492
4/10/2023 16:00:00,26.03,26.87,25.77,26.84,1691108
4/11/2023 16:00:00,26.82,27.7,26.74,27.6,3142418
4/12/2023 16:00:00,27.81,28.04,27.5,27.73,2607930
4/13/2023 16:00:00,27.96,28.47,27.69,27.69,1986546
4/14/2023 16:00:00,27.66,28.47,27.3,28.46,2939565
4/17/2023 16:00:00,28.99,28.99,27.41,27.46,2498661
4/18/2023 16:00:00,27.75,28.27,27.53,28.18,2537186
4/19/2023 16:00:00,28.2,28.38,26.54,26.56,3427760
4/20/2023 16:00:00,26.21,26.47,24.91,24.93,2907593
4/21/2023 16:00:00,24.8,25.34,24.75,25.01,2863047
4/24/2023 16:00:00,25.1,25.27,24.84,25.02,1937612
4/25/2023 16:00:00,24.97,25.59,24.82,25.17,2193478
4/26/2023 16:00:00,25.4,25.48,24.4,24.55,1402899
4/27/2023 16:00:00,24.66,24.96,24.37,24.75,1802049
4/28/2023 16:00:00,24.56,24.56,24.16,24.27,1347283
5/1/2023 16:00:00,24.25,24.41,23.91,24.3,1347427
5/2/2023 16:00:00,24.25,24.37,23.62,23.71,1189107
5/3/2023 16:00:00,23.67,24.09,23.31,23.72,1384948
5/4/2023 16:00:00,23.54,24.37,22.62,24.29,3677570
5/5/2023 16:00:00,24.21,24.82,24.17,24.51,1409621
5/8/2023 16:00:00,24.58,25.98,24.21,25.87,2047652
5/9/2023 16:00:00,25.75,26.34,25.34,26.01,2245187
5/10/2023 16:00:00,26.75,26.75,23.9,24.99,4604359
5/11/2023 16:00:00,25.12,26.15,24.72,25.17,1677234
5/12/2023 16:00:00,25.34,25.58,24.03,24.15,1420160
5/15/2023 16:00:00,24.15,24.15,23.41,23.81,1571633
5/16/2023 16:00:00,22.61,23.78,22.52,23.01,29518083
5/17/2023 16:00:00,22.77,23.43,22.77,23.11,11641258
5/18/2023 16:00:00,23.09,23.48,22.28,22.61,9354403
5/19/2023 16:00:00,22.33,22.8,21.73,21.85,4102887
5/22/2023 16:00:00,21.83,22.03,20.69,21.04,5732283
5/23/2023 16:00:00,20.85,21.49,20.51,20.52,3931458
5/24/2023 16:00:00,20.31,20.6,20.08,20.27,2051977
5/25/2023 16:00:00,20.12,20.27,19.04,20,4347493
5/26/2023 16:00:00,20,20.57,19.95,20.26,2536513
5/30/2023 16:00:00,20.12,20.8,20.04,20.25,2731965
5/31/2023 16:00:00,20.16,20.28,19.64,19.88,4672644
6/1/2023 16:00:00,19.8,19.83,19.05,19.27,2939464
6/2/2023 16:00:00,19.44,20.23,19.34,20.22,2810232
6/5/2023 16:00:00,20.23,21.11,20.23,20.71,2464661
6/6/2023 16:00:00,20.46,20.91,20.42,20.75,1647189
6/7/2023 16:00:00,20.9,21.15,20.42,20.53,1954114
6/8/2023 16:00:00,20.57,21.15,20.53,20.99,1630921
6/9/2023 16:00:00,21,21.26,20.56,20.77,1544226
6/12/2023 16:00:00,20.99,21.29,20.81,21,1392851
6/13/2023 16:00:00,20.99,21.2,20.78,21.07,1832239
6/14/2023 16:00:00,18.6,19.32,17.28,18.73,12324578
6/15/2023 16:00:00,18.72,19.11,18.22,18.71,3753283
6/16/2023 16:00:00,18.86,18.86,17.18,17.36,5282502
6/20/2023 16:00:00,17.18,17.36,16.9,17.23,4461925
6/21/2023 16:00:00,17.05,17.22,16.72,17.07,3088709
6/22/2023 16:00:00,16.98,17.02,16.65,16.74,2068336
6/23/2023 16:00:00,16.66,17.1,16.57,17.09,5013313
6/26/2023 16:00:00,16.96,17.25,16.61,16.64,2971324
6/27/2023 16:00:00,16.53,16.72,16.03,16.72,4206262
6/28/2023 16:00:00,16.74,17.46,16.62,17.44,3071842
6/29/2023 16:00:00,17.4,17.57,17.02,17.15,3251217
6/30/2023 16:00:00,17.49,17.66,17.19,17.34,1944523
7/3/2023 13:00:00,17.43,17.49,16.74,16.89,1220023
7/5/2023 16:00:00,16.87,17.31,16.47,17.26,2680010
7/6/2023 16:00:00,17.09,17.15,16.5,16.67,3167137
7/7/2023 16:00:00,16.68,16.99,16.45,16.54,1332867
7/10/2023 16:00:00,16.52,17.57,16.51,17.27,2691160
7/11/2023 16:00:00,17.24,17.52,16.98,17.34,1419904
7/12/2023 16:00:00,17.49,17.49,16.56,17.14,3358726
7/13/2023 16:00:00,17.24,17.27,16.48,16.5,2268921
7/14/2023 16:00:00,16.68,16.88,16.55,16.7,2950973
7/17/2023 16:00:00,16.7,17.24,16.68,16.97,2118156
7/18/2023 16:00:00,17.07,17.57,17,17.45,2482926
7/19/2023 16:00:00,17.54,18.58,17.5,18.15,4711499
7/20/2023 16:00:00,18.08,18.17,17.72,17.96,3083070
7/21/2023 16:00:00,18.13,18.41,17.84,18.34,2317269
7/24/2023 16:00:00,18.33,18.68,18.19,18.2,1814519
7/25/2023 16:00:00,18.27,18.8,18.23,18.74,3029366
7/26/2023 16:00:00,18.6,19.42,18.48,19.04,2205069
7/27/2023 16:00:00,19.12,19.36,18.67,18.75,2169282
7/28/2023 16:00:00,19.21,19.42,18.47,18.87,1877128
7/31/2023 16:00:00,18.95,19.23,18.65,19.15,2347284
8/1/2023 16:00:00,19.13,19.13,18.11,18.3,2391440
8/2/2023 16:00:00,18.37,19.43,18.36,19.33,3158150
8/3/2023 16:00:00,19.33,19.38,18.74,19.06,3564885
8/4/2023 16:00:00,19.6,21.52,19.18,19.47,6191467
8/7/2023 16:00:00,18.98,20.81,18.88,20.14,2304851
8/8/2023 16:00:00,20,20.21,19.68,20.04,1508612
8/9/2023 16:00:00,19.99,20.08,19.24,19.35,1701741
8/10/2023 16:00:00,19.47,19.68,19.11,19.12,1550675
8/11/2023 16:00:00,18.93,18.98,18.26,18.71,2109604
8/14/2023 16:00:00,18.57,19.02,18.3,18.68,1596855
8/15/2023 16:00:00,18.38,18.45,17.85,18.28,2175548
8/16/2023 16:00:00,18.27,18.35,17.74,17.85,1250890
8/17/2023 16:00:00,17.65,17.91,17.09,17.78,2098549
8/18/2023 16:00:00,17.62,18.04,17.51,17.75,1568010
8/21/2023 16:00:00,17.63,17.7,17.05,17.13,2311438
8/22/2023 16:00:00,17.22,17.65,16.8,16.89,2371217
8/23/2023 16:00:00,16.89,17.29,16.86,17.16,1831772
8/24/2023 16:00:00,17.08,17.24,16.42,16.72,3197261
8/25/2023 16:00:00,16.69,17.35,16.62,17.22,2116625
8/28/2023 16:00:00,17.41,17.99,17,17.03,2015595
8/29/2023 16:00:00,17.12,17.81,16.95,17.59,1519871
8/30/2023 16:00:00,17.63,18.43,17.45,18.33,3106676
8/31/2023 16:00:00,18.2,18.5,17.7,17.72,2391150
9/1/2023 16:00:00,18.01,18.19,17.62,17.8,1917091
9/5/2023 16:00:00,17.62,17.98,17.49,17.54,1141439
9/6/2023 16:00:00,17.71,17.88,17.38,17.87,1774295
9/7/2023 16:00:00,17.72,18.72,17.65,18.56,1772990
9/8/2023 16:00:00,18.58,18.66,18.17,18.45,2062720
9/11/2023 16:00:00,18.44,18.86,18.37,18.53,1677439
9/12/2023 16:00:00,18.52,18.67,17.74,17.78,1275037
9/13/2023 16:00:00,17.63,18.26,17.61,18.05,1195681
9/14/2023 16:00:00,17.98,18.2,17.75,18,1146491
9/15/2023 16:00:00,17.89,18.85,17.89,18.75,4378120
9/18/2023 16:00:00,18.65,18.93,18.22,18.57,2736785
9/19/2023 16:00:00,18.5,18.57,18.03,18.17,2293160
9/20/2023 16:00:00,18.3,18.33,17.99,18.12,1841022
9/21/2023 16:00:00,18.06,18.48,17.57,18.39,3323551
9/22/2023 16:00:00,18.48,18.84,18.17,18.43,1951036
9/25/2023 16:00:00,18.31,18.67,18.1,18.47,1338791
9/26/2023 16:00:00,18.39,18.89,18.28,18.8,1656181
9/27/2023 16:00:00,18.91,18.98,17.87,18.39,2068360
9/28/2023 16:00:00,18.37,18.74,18.28,18.45,1838448
9/29/2023 16:00:00,18.58,18.62,17.51,17.76,3360447
10/2/2023 16:00:00,17.6,18.5,17.55,18.11,2300022
10/3/2023 16:00:00,17.86,18.03,17.05,17.15,1979642
10/4/2023 16:00:00,17.15,18.55,16.94,18.5,3062933
10/5/2023 16:00:00,18.46,18.71,17.89,18.16,6691607
10/6/2023 16:00:00,18.06,18.52,17.96,18.27,1890743
10/9/2023 16:00:00,18.08,18.49,17.9,18.36,1214374
10/10/2023 16:00:00,18.37,18.95,18.32,18.78,1798625
10/11/2023 16:00:00,18.71,18.86,18.1,18.51,1837189
10/12/2023 16:00:00,18.54,18.57,17.88,18.26,2281619
10/13/2023 16:00:00,18.25,18.52,17.98,18.15,1285643
10/16/2023 16:00:00,18.35,18.75,18.07,18.56,1334737
10/17/2023 16:00:00,18.58,20.37,18.54,19.8,3205917
10/18/2023 16:00:00,19.78,19.94,19.37,19.5,1411833
10/19/2023 16:00:00,19.51,19.76,19.04,19.49,1351824
10/20/2023 16:00:00,19.71,19.72,19.21,19.34,1572097
10/23/2023 16:00:00,19.28,19.35,18.7,18.85,1134304
10/24/2023 16:00:00,18.91,19.84,18.86,18.88,1491459
10/25/2023 16:00:00,18.74,19,18.07,18.25,1519930
10/26/2023 16:00:00,18.22,18.65,18.03,18.37,1298766
10/27/2023 16:00:00,18.24,18.43,17.95,18.06,973382
10/30/2023 16:00:00,18.12,18.12,17.61,17.76,1294500
10/31/2023 16:00:00,17.86,18.37,17.86,18,2263013
11/1/2023 16:00:00,17.82,17.91,16.26,16.87,4896588
11/2/2023 16:00:00,17.09,17.52,16.4,16.89,3869962
11/3/2023 16:00:00,14.46,15.14,12.14,14.66,16794615
11/6/2023 16:00:00,14.65,15.12,13.1,13.11,9206591
11/7/2023 16:00:00,13.14,13.98,12.91,13.67,3139420
11/8/2023 16:00:00,13.73,13.73,12.68,12.72,2872728
11/9/2023 16:00:00,12.47,12.59,11.48,11.67,4468666
11/10/2023 16:00:00,11.68,11.77,11.29,11.32,5739022
11/13/2023 16:00:00,11.35,11.35,10.8,11.17,4891103
11/14/2023 16:00:00,11.43,12.52,11.36,12.14,4428000
11/15/2023 16:00:00,12.17,13.27,12.12,12.49,3616210
11/16/2023 16:00:00,12.48,12.48,11.76,11.85,2164817
11/17/2023 16:00:00,12.02,12.12,11.74,11.94,1822821
11/20/2023 16:00:00,11.9,11.95,11.44,11.52,2496699
11/21/2023 16:00:00,10.95,11.38,10.78,11,6244940
11/22/2023 16:00:00,11.34,12.19,11.34,11.83,4758863
11/24/2023 13:00:00,11.76,11.84,11.6,11.8,665168
11/27/2023 16:00:00,11.75,12.04,11.6,11.6,2235525
11/28/2023 16:00:00,11.61,11.69,11.29,11.33,2314509
11/29/2023 16:00:00,11.32,11.44,10.67,10.69,5527522
11/30/2023 16:00:00,10.7,10.7,10.41,10.62,4960590
12/1/2023 16:00:00,10.92,11.38,10.87,11.28,4520129
12/4/2023 16:00:00,11.21,11.47,11.16,11.33,2910564
12/5/2023 16:00:00,11.27,11.32,10.9,11.05,3636094
12/6/2023 16:00:00,11.29,11.37,11.02,11.11,2489372
12/7/2023 16:00:00,11,11.19,10.85,11.06,2798380
12/8/2023 16:00:00,11.07,11.57,11,11.55,3741884
12/11/2023 16:00:00,11.36,11.81,11.3,11.76,3411637
12/12/2023 16:00:00,11.88,12.5,11.5,12.32,3316893
12/13/2023 16:00:00,12.19,12.47,11.58,12.41,2545110
12/14/2023 16:00:00,12.68,13.58,12.59,13.57,4768309
12/15/2023 16:00:00,13.53,13.76,13.03,13.08,4750855
12/18/2023 16:00:00,12.98,13.02,12.46,12.87,2946230
12/19/2023 16:00:00,13.03,13.45,12.95,13.11,2124373
12/20/2023 16:00:00,13.06,13.16,12.3,12.33,2331288
12/21/2023 16:00:00,12.59,12.87,12.47,12.61,2969237
12/22/2023 16:00:00,12.62,12.7,12.32,12.46,2614811
12/26/2023 16:00:00,12.48,12.57,12.35,12.52,1793682
12/27/2023 16:00:00,12.59,12.62,12.45,12.54,1573381
12/28/2023 16:00:00,12.5,12.83,12.49,12.53,1498985
12/29/2023 16:00:00,12.41,12.77,12.37,12.55,2121864
1/2/2024 16:00:00,12.43,13.28,12.37,12.93,3435918
1/3/2024 16:00:00,12.62,12.71,11.92,12.11,3563349
1/4/2024 16:00:00,12.13,12.18,11.92,12.08,3721407
1/5/2024 16:00:00,7.75,8.82,7.59,8.63,36888181
1/8/2024 16:00:00,8.38,9.26,8.26,9.18,13472102
1/9/2024 16:00:00,9.19,9.3,8.42,8.44,9053655
1/10/2024 16:00:00,8.47,8.53,7.84,7.98,8342720
1/11/2024 16:00:00,7.97,8.2,7.67,7.94,7032981
1/12/2024 16:00:00,7.76,7.94,7.31,7.38,5356943
1/16/2024 16:00:00,7.3,7.54,7,7.49,6792464
1/17/2024 16:00:00,7.38,7.47,7.13,7.26,4121105
1/18/2024 16:00:00,7.21,7.21,6.58,6.73,6874790
1/19/2024 16:00:00,6.76,6.87,6.36,6.37,7061249
1/22/2024 16:00:00,6.4,6.73,6.25,6.72,7632421
1/23/2024 16:00:00,6.85,6.94,6.44,6.5,7496372
1/24/2024 16:00:00,6.59,6.8,6.47,6.51,3368562
1/25/2024 16:00:00,6.31,6.35,5.8,5.8,11005317
1/26/2024 16:00:00,5.85,5.99,5.71,5.82,6314077
1/29/2024 16:00:00,5.81,6.06,5.66,5.96,7232988
1/30/2024 16:00:00,5.99,6,5.7,5.71,5291185
1/31/2024 16:00:00,5.72,5.98,5.63,5.89,8223817
2/1/2024 16:00:00,5.84,6.16,5.75,6.01,5173712
2/2/2024 16:00:00,5.99,6.15,5.8,6.08,4306229
2/5/2024 16:00:00,6.04,6.07,5.78,5.81,5918273
2/6/2024 16:00:00,5.82,6,5.74,5.92,4738873
2/7/2024 16:00:00,5.91,6.56,5.85,6.55,6793384
2/8/2024 16:00:00,6.56,7.1,6.47,7.09,7563656
2/9/2024 16:00:00,7.09,7.38,6.75,6.82,4818348
2/12/2024 16:00:00,6.89,7.52,6.89,7.45,6172630
2/13/2024 16:00:00,7.09,7.24,6.89,7,4631605
2/14/2024 16:00:00,7.14,7.22,7.01,7.16,3203709
2/15/2024 16:00:00,7.26,7.43,7.09,7.26,2954168
2/16/2024 16:00:00,7.17,7.3,7.08,7.11,2436320
2/20/2024 16:00:00,7.05,7.11,6.77,6.79,2929446
2/21/2024 16:00:00,6.74,6.87,6.38,6.41,4449121
2/22/2024 16:00:00,6.44,6.52,6.1,6.13,5999671
2/23/2024 16:00:00,6.09,6.49,6.06,6.27,4436542
2/26/2024 16:00:00,5.9,6.62,5.75,6.17,5796585
2/27/2024 16:00:00,6.34,6.73,6.25,6.48,8157940
2/28/2024 16:00:00,6.12,7.11,5.97,6.36,11166638
2/29/2024 16:00:00,6.47,6.52,5.79,6.13,8065249
3/1/2024 16:00:00,6.09,6.14,5.73,6.04,7038960
3/4/2024 16:00:00,6.06,6.15,5.93,6.05,3558273
3/5/2024 16:00:00,5.98,6.26,5.97,5.98,3148773
3/6/2024 16:00:00,5.91,6,5.67,5.78,3493669
3/7/2024 16:00:00,5.8,6.04,5.69,5.93,3555675
3/8/2024 16:00:00,5.99,6.17,5.84,5.92,3272131
3/11/2024 16:00:00,5.92,6.09,5.86,5.96,3206301
3/12/2024 16:00:00,5.96,6.01,5.73,5.77,8443097
3/13/2024 16:00:00,5.73,5.83,5.3,5.3,6469094
3/14/2024 16:00:00,5.26,5.29,5.1,5.23,5613711
3/15/2024 16:00:00,5.22,5.35,5.14,5.32,4876391
3/18/2024 16:00:00,5.31,5.46,5.15,5.4,3294000
3/19/2024 16:00:00,5.47,5.77,5.39,5.46,4858733
3/20/2024 16:00:00,5.44,5.55,5.2,5.51,2798394
3/21/2024 16:00:00,5.5,5.72,5.4,5.43,5150780
3/22/2024 16:00:00,5.44,5.45,4.88,4.89,3705683
3/25/2024 16:00:00,4.89,4.91,4.44,4.76,7142871
3/26/2024 16:00:00,4.79,5.01,4.71,4.99,6008383
3/27/2024 16:00:00,5.08,5.76,5.06,5.73,6465753
3/28/2024 16:00:00,5.73,6.16,5.65,6.1,4748066
4/1/2024 16:00:00,6.15,6.2,5.78,5.84,3549729
4/2/2024 16:00:00,5.65,5.66,5.01,5.08,4754849
4/3/2024 16:00:00,5.12,5.12,4.68,4.75,6474682
4/4/2024 16:00:00,4.76,4.93,4.7,4.84,4326385
4/5/2024 16:00:00,4.81,4.87,4.69,4.75,2714190
4/8/2024 16:00:00,4.77,5.21,4.67,5.18,3800840
4/9/2024 16:00:00,5.2,5.57,5.18,5.56,4227111
4/10/2024 16:00:00,5.37,5.64,5.29,5.4,3802000
4/11/2024 16:00:00,5.43,5.55,5.24,5.33,2558378
4/12/2024 16:00:00,5.29,5.39,4.94,4.95,2927944
4/15/2024 16:00:00,4.95,5.05,4.45,4.46,5917672
4/16/2024 16:00:00,4.6,4.79,4.45,4.48,5839816
4/17/2024 16:00:00,4.49,5.05,4.41,5.01,6790076
4/18/2024 16:00:00,5.01,5.52,4.94,5.38,5733107
4/19/2024 16:00:00,5.37,5.76,5.28,5.46,6892129
4/22/2024 16:00:00,5.43,5.45,5.1,5.16,4260966
4/23/2024 16:00:00,5.12,5.48,5.12,5.34,2232307
4/24/2024 16:00:00,5.48,5.57,5.18,5.33,2698593
4/25/2024 16:00:00,5.22,5.25,5,5.13,2868012
4/26/2024 16:00:00,5.11,5.31,4.97,5,2409005
4/29/2024 16:00:00,5.03,5.26,5.03,5.13,2515103
4/30/2024 16:00:00,5.04,5.52,5.04,5.5,3403869
5/1/2024 16:00:00,5.47,5.52,4.88,4.96,5921691
5/2/2024 16:00:00,5.02,5.11,4.76,4.83,3709665
5/3/2024 16:00:00,4.86,4.96,4.78,4.83,3995953
5/6/2024 16:00:00,4.9,4.98,4.8,4.83,2974531
5/7/2024 16:00:00,4.87,5.01,4.75,4.98,4519261
5/8/2024 16:00:00,5.3,5.58,4.78,5.19,7729156
5/9/2024 16:00:00,5.16,5.43,4.93,5.26,3976628
5/10/2024 16:00:00,5.28,5.35,5.08,5.19,2089585
5/13/2024 16:00:00,5.26,5.59,5.11,5.21,4646541
5/14/2024 16:00:00,5.31,5.63,5.3,5.5,6427643
5/15/2024 16:00:00,5.61,5.69,5.29,5.3,2104346
5/16/2024 16:00:00,5.3,5.59,5.24,5.58,4772042
5/17/2024 16:00:00,5.57,5.71,5.37,5.41,5008797
5/20/2024 16:00:00,5.41,5.63,5.35,5.36,2393809
5/21/2024 16:00:00,5.31,5.58,5.28,5.55,2248926
5/22/2024 16:00:00,5.49,6.18,5.46,5.99,4912235
5/23/2024 16:00:00,5.96,6.07,5.6,5.65,3737976
5/24/2024 16:00:00,5.71,6.14,5.64,6.09,3675929
5/28/2024 16:00:00,6.15,6.42,5.92,6.11,3741768
5/29/2024 16:00:00,5.95,6.03,5.65,5.76,2445410
5/30/2024 16:00:00,5.85,6.34,5.85,6.24,3317071
5/31/2024 16:00:00,6.31,6.44,6.18,6.3,3898318
6/3/2024 16:00:00,6.4,6.7,6.26,6.39,3325787
6/4/2024 16:00:00,6.35,6.44,6.17,6.19,2809464
6/5/2024 16:00:00,6.43,6.88,6.3,6.83,4967284
6/6/2024 16:00:00,6.82,6.94,6.63,6.8,3594501
6/7/2024 16:00:00,6.69,6.96,6.66,6.8,2438749
6/10/2024 16:00:00,6.7,6.84,6.51,6.7,3099428
6/11/2024 16:00:00,6.61,6.74,6.46,6.69,3100829
6/12/2024 16:00:00,6.97,7.15,6.8,6.88,3234864
6/13/2024 16:00:00,6.89,7.04,6.68,6.9,5772647
6/14/2024 16:00:00,6.86,6.99,6.66,6.9,3098329
6/17/2024 16:00:00,6.85,6.94,6.52,6.65,3649354
6/18/2024 16:00:00,6.61,6.99,6.61,6.74,2754903
6/20/2024 16:00:00,6.7,6.7,6.17,6.35,3387810
6/21/2024 16:00:00,6.39,6.54,6.29,6.52,4935395
6/24/2024 16:00:00,6.55,6.75,6.37,6.51,3821998
6/25/2024 16:00:00,6.46,6.54,6.22,6.28,2827580
6/26/2024 16:00:00,6.25,6.62,6.11,6.55,3909817
6/27/2024 16:00:00,6.49,6.74,6.43,6.59,3540087
6/28/2024 16:00:00,6.64,6.83,6.39,6.54,44234265
7/1/2024 16:00:00,6.6,6.72,5.99,6.07,4097584
7/2/2024 16:00:00,6.11,6.13,5.84,5.88,2999794
7/3/2024 13:00:00,5.9,6.1,5.83,5.99,2679147
7/5/2024 16:00:00,5.98,6.03,5.74,5.96,2962506
7/8/2024 16:00:00,6.05,6.22,5.92,6.04,3236034
7/9/2024 16:00:00,6,6.08,5.73,5.75,1907279
7/10/2024 16:00:00,5.73,5.74,5.46,5.64,2978126
7/11/2024 16:00:00,5.85,6.27,5.84,6.15,7063670
7/12/2024 16:00:00,6.29,6.46,6.15,6.29,3422880
7/15/2024 16:00:00,6.35,6.62,6.31,6.54,4841704
7/16/2024 16:00:00,6.63,7.73,6.6,7.46,8346594
7/17/2024 16:00:00,7.36,7.73,7.25,7.37,5786189
7/18/2024 16:00:00,7.3,7.4,6.91,6.99,2861871
7/19/2024 16:00:00,7.01,7.07,6.69,6.89,4325713
7/22/2024 16:00:00,7.03,7.14,6.79,7,3049983
7/23/2024 16:00:00,7.01,7.16,6.88,7.06,4733596
7/24/2024 16:00:00,7.02,7.15,6.76,6.76,2840478
7/25/2024 16:00:00,6.77,7.06,6.69,6.75,2853205
7/26/2024 16:00:00,6.88,6.94,6.56,6.89,2552299
7/29/2024 16:00:00,6.92,7.02,6.79,6.93,1900550
7/30/2024 16:00:00,6.93,7.62,6.93,7.52,4298511
7/31/2024 16:00:00,7.51,7.53,6.58,6.89,5155868
8/1/2024 16:00:00,6.89,7.08,6.43,6.57,4210966
8/2/2024 16:00:00,6.23,6.36,5.89,6.34,5584293
8/5/2024 16:00:00,5.95,6.46,5.76,6.46,4830752
8/6/2024 16:00:00,6.41,6.63,6.06,6.22,6051671
8/7/2024 16:00:00,6.22,6.3,5.52,5.64,5834619
8/8/2024 16:00:00,5.7,5.78,5.5,5.6,3396199
8/9/2024 16:00:00,5.54,5.61,5.31,5.52,5045390
8/12/2024 16:00:00,5.52,5.57,5.32,5.33,2680391
8/13/2024 16:00:00,5.39,5.69,5.35,5.58,3266758
8/14/2024 16:00:00,5.62,5.67,5.02,5.13,3686547
8/15/2024 16:00:00,5.22,5.25,4.92,4.92,4466780
8/16/2024 16:00:00,4.88,5.04,4.72,4.85,6800910
8/19/2024 16:00:00,4.85,4.92,4.73,4.73,2303649
8/20/2024 16:00:00,4.73,4.82,4.62,4.63,2453192
8/21/2024 16:00:00,4.67,4.71,4.53,4.59,2631726
8/22/2024 16:00:00,4.59,4.63,4.38,4.48,4942456
8/23/2024 16:00:00,4.52,4.77,4.43,4.48,2874135
8/26/2024 16:00:00,4.48,4.5,4.38,4.38,1820546
8/27/2024 16:00:00,4.35,4.39,4.18,4.19,2179468
8/28/2024 16:00:00,4.2,4.31,4.07,4.19,3300760
8/29/2024 16:00:00,4.23,4.26,4.11,4.16,7061654
8/30/2024 16:00:00,4.2,4.23,4.03,4.08,3130306
9/3/2024 16:00:00,3.99,4.11,3.8,3.85,4304582
9/4/2024 16:00:00,3.83,4.21,3.74,4.17,4658925
9/5/2024 16:00:00,4.23,4.38,4.08,4.08,2681937
9/6/2024 16:00:00,4.06,4.07,3.54,3.61,5874762
9/9/2024 16:00:00,3.6,3.7,3.41,3.48,4439855
9/10/2024 16:00:00,3.44,3.48,3.26,3.39,3983286
9/11/2024 16:00:00,3.35,3.4,3.18,3.21,6581212
9/12/2024 16:00:00,3.2,3.4,3.07,3.31,4280460
9/13/2024 16:00:00,3.39,3.71,3.34,3.53,5187086
9/16/2024 16:00:00,3.59,3.7,3.26,3.28,7008283
9/17/2024 16:00:00,3.46,3.7,3.42,3.64,4395898
9/18/2024 16:00:00,3.61,4.18,3.6,3.99,4948889
9/19/2024 16:00:00,4.07,4.21,3.85,3.87,4546449
9/20/2024 16:00:00,3.88,3.92,3.48,3.52,5296026
9/23/2024 16:00:00,3.56,3.88,3.52,3.84,3925833
9/24/2024 16:00:00,3.82,4.01,3.76,3.86,4653301
9/25/2024 16:00:00,3.85,3.89,3.63,3.64,3141604
9/26/2024 16:00:00,3.7,3.78,3.57,3.73,3875076
9/27/2024 16:00:00,3.83,3.95,3.69,3.74,3898877
9/30/2024 16:00:00,3.74,4.02,3.63,3.93,8960243
10/1/2024 16:00:00,3.99,3.99,3.6,3.67,4749286
10/2/2024 16:00:00,3.62,3.67,3.04,3.58,13469685
10/3/2024 16:00:00,3.47,3.52,3.12,3.16,4047928
10/4/2024 16:00:00,3.24,3.25,3.12,3.21,3904590
10/7/2024 16:00:00,3.2,3.2,3,3.15,2847596
10/8/2024 16:00:00,3.12,3.25,3.07,3.15,2156537
10/9/2024 16:00:00,3.12,3.22,3.06,3.12,2054404
10/10/2024 16:00:00,3.04,3.38,3,3.32,5804447
10/11/2024 16:00:00,3.3,3.34,3.12,3.22,3053318
10/14/2024 16:00:00,3.21,3.52,3.16,3.5,5679310
10/15/2024 16:00:00,3.48,3.6,3.2,3.32,4380146
10/16/2024 16:00:00,3.34,3.49,3.24,3.26,4007701
10/17/2024 16:00:00,3.23,3.34,3.15,3.3,3609161
10/18/2024 16:00:00,3.32,3.4,2.98,2.98,3085686
10/21/2024 16:00:00,3,3,2.77,2.81,12438852
10/22/2024 16:00:00,2.84,2.88,2.73,2.82,2449377
10/23/2024 16:00:00,2.8,2.86,2.68,2.69,2110227
10/24/2024 16:00:00,2.72,2.76,2.65,2.69,2706874
10/25/2024 16:00:00,2.7,2.77,2.58,2.58,1435972
10/28/2024 16:00:00,2.64,2.79,2.62,2.7,2416431
10/29/2024 16:00:00,2.64,2.69,2.49,2.52,3628088
10/30/2024 16:00:00,2.37,2.5,2.36,2.46,3774248
10/31/2024 16:00:00,2.45,2.68,2.42,2.55,4616144
11/1/2024 16:00:00,2.55,2.73,2.55,2.7,2694541
11/4/2024 16:00:00,2.69,2.75,2.57,2.67,3491002
11/5/2024 16:00:00,2.66,2.75,2.56,2.73,3250582
11/6/2024 16:00:00,3.05,3.16,2.85,2.88,5464545
11/7/2024 16:00:00,2.84,2.89,2.73,2.79,4311116
11/8/2024 16:00:00,1.86,2.02,1.8,1.84,19089565
11/11/2024 16:00:00,1.86,2.18,1.86,2.16,9241829
11/12/2024 16:00:00,2.13,2.2,1.86,1.87,6703779
11/13/2024 16:00:00,1.87,1.95,1.83,1.88,5630841
11/14/2024 16:00:00,1.84,1.85,1.7,1.71,5644924
11/15/2024 16:00:00,1.73,1.73,1.58,1.58,3545274
11/18/2024 16:00:00,1.58,1.61,1.5,1.57,3160609
11/19/2024 16:00:00,1.56,1.62,1.52,1.59,3554832
11/20/2024 16:00:00,1.6,1.78,1.57,1.67,3090657
11/21/2024 16:00:00,1.66,1.82,1.64,1.78,4078730
11/22/2024 16:00:00,1.78,1.89,1.71,1.89,2801974
11/25/2024 16:00:00,1.92,2.3,1.92,2.26,7017097
11/26/2024 16:00:00,2.19,2.21,1.97,2.05,4577772
11/27/2024 16:00:00,2.07,2.19,2.04,2.11,2934140
11/29/2024 13:00:00,2.13,2.21,2.09,2.09,2838072
12/2/2024 16:00:00,2.09,2.39,2.09,2.3,4501837
12/3/2024 16:00:00,2.25,2.27,2.12,2.13,2526127
12/4/2024 16:00:00,2.11,2.25,2.08,2.23,3092021
12/5/2024 16:00:00,2.22,2.25,2.13,2.21,3289648
12/6/2024 16:00:00,2.24,2.31,2.13,2.17,2001461
12/9/2024 16:00:00,2.21,2.25,2.1,2.24,3478252
12/10/2024 16:00:00,2.25,2.25,2.02,2.1,3146648
12/11/2024 16:00:00,2.07,2.08,1.92,1.99,3341271
12/12/2024 16:00:00,2.09,2.24,2.04,2.22,4055109
12/13/2024 16:00:00,2.23,2.28,2.13,2.24,3071251
12/16/2024 16:00:00,2.25,2.33,2.18,2.19,5989542
12/17/2024 16:00:00,2.21,2.33,1.99,2,3411848
12/18/2024 16:00:00,2.01,2.15,1.9,1.95,3718947
12/19/2024 16:00:00,1.94,1.97,1.8,1.88,2564507
12/20/2024 16:00:00,1.83,1.99,1.83,1.97,5237349
12/23/2024 16:00:00,1.95,1.96,1.82,1.85,2166666
12/24/2024 13:00:00,1.88,1.92,1.81,1.91,1131639
12/26/2024 16:00:00,1.88,1.94,1.83,1.89,1812175
12/27/2024 16:00:00,1.9,1.93,1.83,1.9,2558536
12/30/2024 16:00:00,1.92,1.96,1.83,1.91,3077812
12/31/2024 16:00:00,1.92,1.97,1.83,1.9,2668393